<?xml version="1.0"?>
<!-- edited with XMLSPY v2004 rel. 4 U (http://www.xmlspy.com) by Mr. Nobody (Altova GmbH) -->
<purchaseOrders> 
<purchaseOrder comp_name="ABC">  
	<shipTo export-code="1" type="EU-Address">
		<name>Helen Zoe</name>
		<street>47 Eden Street</street>
		<city>Cambridge</city>
		<postcode>126</postcode>
	</shipTo>
	<billTo type="US-Address">
		<name>Robert Smith</name>
		<street>8 Oak Avenue</street>
		<city>Old Town</city>
		<state>AK</state>
		<zip>95819</zip>
	</billTo>
	<Items>
		<item partNum="833-AA">
			<productName>Lapis necklace</productName>
			<quantity>2</quantity>
			<price>99.95</price>
			<comment>Need this for the holidays!</comment>
			<shipDate>1999-12-05</shipDate>
		</item>
		<item partNum="748-OT">
			<productName>Diamond heart</productName>
			<quantity>1</quantity>
			<price>248.90</price>
			<comment>Valentine's day packaging.</comment>
			<shipDate>2000-02-14</shipDate>
		</item>
		<item partNum="783-KL">
			<productName>Uncut diamond</productName>
			<quantity>7</quantity>
			<price>79.90</price>
			<shipDate>2000-01-07</shipDate>
		</item>
		<item partNum="238-KK">
			<productName>Amber ring</productName>
			<quantity>3</quantity>
			<price>89.90</price>
			<comment>With no inclusions, please.</comment>
			<shipDate>2000-01-07</shipDate>
		</item>
		<item partNum="229-OB">
			<productName>Pearl necklace</productName>
			<quantity>1</quantity>
			<price>4879.00</price>
			<shipDate>1999-12-05</shipDate>
		</item>
		<item partNum="128-UL">
			<productName>Jade earring</productName>
			<quantity>5</quantity>
			<price>179.90</price>
			<shipDate>2000-02-14</shipDate>
		</item>
	</Items>
</purchaseOrder>
<purchaseOrder comp_name="IBM">  
	<shipTo export-code="3" type="US-Address">
		<name>Google</name>
		<street>47 Eden Street</street>
		<city>Pal alto</city>
		<postcode>95126</postcode>
	</shipTo>
	<billTo type="US-Address">
		<name>Robert Smith</name>
		<street>8 Oak Avenue</street>
		<city>New Town</city>
		<state>AK</state>
		<zip>95819</zip>
	</billTo>
	<Items>
		<item partNum="933-AA">
			<productName>Lapis necklace</productName>
			<quantity>2</quantity>
			<price>93.95</price>
			<comment>Need this for the holidays!</comment>
			<shipDate>1999-12-05</shipDate>
		</item>
		<item partNum="745-OT">
			<productName>Diamond heart</productName>
			<quantity>1</quantity>
			<price>248.90</price>
			<comment>Valentine's day packaging.</comment>
			<shipDate>2000-02-14</shipDate>
		</item>
		<item partNum="783-KL">
			<productName>Uncut diamond</productName>
			<quantity>7</quantity>
			<price>79.90</price>
			<shipDate>2000-01-07</shipDate>
		</item>
		<item partNum="238-KK">
			<productName>Amber ring</productName>
			<quantity>3</quantity>
			<price>891.90</price>
			<comment>With no inclusions, please.</comment>
			<shipDate>2000-01-07</shipDate>
		</item>
		<item partNum="2291-OB">
			<productName>Pearl necklace</productName>
			<quantity>1</quantity>
			<price>4879.00</price>
			<shipDate>1999-12-05</shipDate>
		</item>
		<item partNum="1289-UL">
			<productName>Jade earring</productName>
			<quantity>5</quantity>
			<price>179.90</price>
			<shipDate>2000-02-14</shipDate>
		</item>
	</Items>
</purchaseOrder>
<purchaseOrder comp_name="ABC">  
	<shipTo export-code="4" type="EU-Address">
		<name>Zou</name>
		<street>47 Eden Street</street>
		<city>Cambridge</city>
		<postcode>126</postcode>
	</shipTo>
	<billTo type="US-Address">
		<name>Robert Smith</name>
		<street>8 Oak Avenue</street>
		<city>X Town</city>
		<state>AK</state>
		<zip>95819</zip>
	</billTo>
	<Items>
		<item partNum="101AA">
			<productName>Lapis necklace</productName>
			<quantity>4</quantity>
			<price>199.95</price>
			<comment>The Gifts for the holidays!</comment>
			<shipDate>1999-12-05</shipDate>
		</item>
		<item partNum="7481-OT">
			<productName>Diamond heart</productName>
			<quantity>2</quantity>
			<price>448.90</price>
			<comment>Valentine's day packaging.</comment>
			<shipDate>2000-02-14</shipDate>
		</item>
		<item partNum="783-KL">
			<productName>Uncut diamond</productName>
			<quantity>7</quantity>
			<price>79.90</price>
			<shipDate>2000-01-07</shipDate>
		</item>
		<item partNum="2381-KK">
			<productName>Amber ring</productName>
			<quantity>3</quantity>
			<price>89.90</price>
			<comment>With no inclusions, please.</comment>
			<shipDate>2000-01-07</shipDate>
		</item>
		<item partNum="220-OB">
			<productName>Pearl necklace</productName>
			<quantity>3</quantity>
			<price>14879.00</price>
			<shipDate>1999-12-05</shipDate>
		</item>
		<item partNum="1281-UL">
			<productName>Jade earring</productName>
			<quantity>5</quantity>
			<price>179.90</price>
			<shipDate>2000-02-14</shipDate>
		</item>
	</Items>
</purchaseOrder>
</purchaseOrders>